{
  "pages": {
    "README": {
      "x": -170.43872300666757,
      "y": -2.169814296727173,
      "width": 680,
      "height": 500
    }
  }
}